Time,Gx,Gy,Gz,Ax,Ay,Az
1532053057,-0.41305542,-0.303253174,-1.354064941,0.652754632,-1.42208621,1.388990575
1532053057,-0.317703247,-0.588531494,-0.934921265,-2.586833029,-0.211413445,-0.301819242
1532053057,-0.422943115,0.007278442,-0.74621582,-0.218127008,-0.719390384,0.504439196
1532053057,-0.806549072,0.524749756,-0.75668335,-1.901256269,-3.17971181,0.821072538
1532053057,-0.971984863,0.326263428,-0.230239868,1.564010859,-1.98108399,2.016644913
1532053058,-1.070724487,0.195327759,-0.039672852,0.193642171,-0.591438543,0.164295468
1532053058,-1.094238281,0.477706909,0.006118774,-0.805124198,0.467738439,-2.300412184
1532053058,-0.871200562,0.340423584,-0.171310425,0.401662749,0.058199924,-0.631536695
1532053058,-0.708862305,0.225250244,-0.053207397,-0.585251754,0.028438832,0.881526561
1532053058,-1.232070923,0.275253296,-0.126724243,-0.812844169,0.087762343,1.331694795
1532053059,-0.954605103,0.22227478,-0.231948853,0.006541789,0.010936537,0.227704534
1532053059,-0.842559814,0.265167236,-0.109069824,1.094493162,-0.485366169,-0.447531438
1532053059,-0.988723755,0.358032227,-0.129257202,1.479376931,-0.584250938,-0.333683166
1532053059,-1.028549194,0.238479614,-0.136016846,0.479416933,0.174288713,-0.615950544
1532053059,-0.802154541,0.255249023,-0.062347412,0.588851815,-0.160528959,-0.572548742
1532053060,-0.739059448,0.272567749,-0.118545532,0.117363645,-0.090756535,0.47692235
1532053060,-1.161346436,0.551177979,-0.234939575,-0.761628385,0.413830732,1.73196764
1532053060,-0.923095703,0.220962524,-0.098327637,-1.011823581,0.724957722,0.153092614
1532053060,-0.914169312,0.23600769,-0.180938721,-0.310952287,0.108177337,-0.091581583
1532053060,-1.142059326,0.511428833,-0.159591675,-0.639188489,0.589527992,-0.812051612
1532053061,-0.974060059,0.337799072,-0.112335205,0.746996179,-0.398491191,-0.627355798
1532053061,-0.691162109,0.2759552,-0.130355835,-0.513214045,-0.040046752,-0.64760035
1532053061,-1.087173462,0.433990479,-0.238189697,-0.966947453,-0.058704859,0.65431551
1532053061,-0.953948975,0.315582275,-0.082214355,-0.606539199,0.073777285,0.325904605
1532053061,-0.872131348,0.203445435,-0.113540649,-1.003160585,0.36088203,0.337125834
1532053062,-1.169998169,0.294677734,-0.001281738,-0.121598337,0.099315669,-0.482263586
1532053062,-1.155609131,0.350524902,-0.160018921,-0.205463677,0.054336209,-0.889666513
1532053062,-0.784240723,0.325119019,-0.046875,0.04267982,-0.160877034,-1.205333926
1532053062,-0.82270813,0.340774536,-0.209396362,-0.973198691,-0.016310264,0.363676751
1532053062,-1.05670166,0.13835144,-0.13192749,-0.328720099,0.85815386,1.612295833
1532053063,-0.893035889,0.164703369,-0.067047119,-0.743110894,0.568891955,-0.622488072
1532053063,-0.905258179,0.110809326,-0.145523071,0.21059186,-0.041996985,-0.326755218
1532053063,-0.960586548,0.42791748,-0.164978027,-0.275032902,0.597919346,-0.41433913
1532053063,-0.864471436,0.356155396,-0.146408081,0.113985159,-0.10610087,0.153449211
1532053063,-0.807495117,0.357574463,-0.236557007,-0.678547879,0.177685309,1.13872587
1532053064,-1.305999756,0.554351807,-0.221603394,-0.792748222,0.090590088,0.253634136
1532053064,-0.933654785,0.490112305,-0.192901611,0.484630071,-0.014405571,-1.144346738
1532053064,-0.920516968,0.287506104,-0.06942749,1.192955021,-0.284535859,-0.925983242
1532053064,-0.96144104,0.244216919,-0.168380737,0.540104515,-0.058190336,-0.925043146
1532053064,-0.948532104,0.340301514,-0.153060913,0.124516363,-0.128813906,-0.030603716
1532053065,-0.838928223,0.242218018,-0.064025879,0.959769701,-0.318730315,0.744021961
1532053065,-0.980010986,0.410614014,-0.200149536,-0.857016957,0.067900754,0.659206406
1532053065,-0.967605591,0.28805542,-0.255828857,-1.710423466,1.164784902,0.70367587
1532053065,-0.768157959,0.194244385,-0.067398071,-1.275723671,1.045514966,-0.771312971
1532053065,-1.010620117,0.217788696,-0.166137695,-0.388550676,0.216114724,-0.347226938
1532053066,-1.009994507,0.439437866,-0.231002808,-1.383061047,0.981337844,-0.390071074
1532053066,-1.055587769,0.221359253,-0.182312012,-0.725326837,0.145133225,-1.14705757
1532053066,-0.788360596,0.222122192,-0.056427002,-0.502341424,-0.012287026,-0.617886929
1532053066,-1.1353302,0.720779419,-0.321212769,-2.647964827,-0.073498985,0.410865569
1532053066,-1.075241089,0.201309204,-0.096252441,-0.785311344,-0.329249269,1.113589891
1532053067,-0.92237854,0.192657471,-0.158889771,-0.256815814,0.026745861,-0.083950294
1532053067,-1.250762939,0.432876587,-0.12953186,0.413423801,0.050804059,-0.521912462
1532053067,-0.923919678,0.268447876,-0.237670898,2.149086045,-0.655188761,-0.712853655
1532053067,-0.772018433,0.157440186,-0.240005493,0.567365698,0.208915134,-0.783192001
1532053067,-1.221954346,0.324783325,-0.002304077,-0.447073374,-0.276200698,-0.458640016
1532053068,-0.734161377,0.16986084,0.000808716,-0.633695986,-0.177242692,0.234026879
1532053068,-1.011993408,0.119888306,-0.213378906,-0.547940334,-0.025450499,1.493562525
1532053068,-1.148696899,0.074157715,0.102798462,0.395486879,0.050130545,0.578488923
1532053068,-1.26802063,0.164123535,-0.003356934,-0.715372473,-0.172190675,-1.157902495
1532053068,-0.903778076,0.046051025,0.012069702,-0.469131006,-0.584543619,-0.242809984
1532053069,-0.671447754,0.06300354,-0.085479736,-0.76351923,-0.237180594,0.503532922
1532053069,-1.311660767,0.534744263,-0.417709351,-1.117620851,-0.066967582,2.017696596
1532053069,-0.988510132,0.278411865,-0.01675415,-0.257993198,1.104233141,0.482448942
1532053069,-0.986755371,0.192474365,-0.149078369,-0.384497344,0.118455541,1.014153048
1532053069,-1.208251953,0.430084229,-0.06652832,-0.19436522,0.137178629,-1.230446736
1532053070,-1.200637817,0.482543945,-0.19380188,-0.218261764,-0.453239125,-1.924800743
1532053070,-0.578308105,0.389266968,-0.037216187,0.874851614,-0.500744592,-0.761262467
1532053070,-0.873504639,0.451751709,-0.332717896,-1.092258237,0.100546848,1.103068274
1532053070,-1.253829956,0.435897827,-0.034683228,-0.525862995,0.973654091,2.679524883
1532053070,-0.790542603,0.289535522,-0.441665649,-2.265693086,0.89706291,-0.216769329
1532053071,-1.28086853,0.288513184,-0.120178223,0.534751562,0.275234503,0.017996045
1532053071,-1.353424072,0.624389648,-0.14654541,1.257373425,-0.748227891,-2.454022251
1532053071,-0.678909302,0.384353638,-0.094894409,-0.134848363,-0.457209898,-2.221765842
1532053071,-0.685211182,0.378448486,-0.36479187,-0.322075512,-0.030817568,1.472121681
1532053071,-1.280975342,0.394485474,-0.183227539,-1.176719858,0.62496641,2.426629242
1532053072,-0.804031372,0.242004395,-0.219467163,-0.652871544,0.750722474,0.75615266
1532053072,-1.150756836,0.41166687,-0.040817261,0.11736471,0.308015086,-0.117994814
1532053072,-1.212768555,0.480712891,0.02545166,-1.526481593,-0.25161253,-1.957349898
1532053072,-0.901489258,0.496337891,-0.242538452,-0.071329308,0.54636614,-2.426760536
1532053072,-0.493637085,0.341415405,-0.048583984,-0.089214299,-0.217340577,-0.728316235
1532053073,-1.106964111,0.873153687,-0.362014771,-0.766818886,-0.365225646,3.163329374
1532053073,-1.389129639,0.370223999,0.058502197,-0.234581083,1.252997319,0.794899523
1532053073,-0.965042114,0.315536499,-0.297897339,0.143117744,-0.446804395,0.311862023
1532053073,-1.202255249,0.460144043,-0.063568115,-0.082017372,-0.05890646,-1.285333687
1532053073,-1.030395508,0.615127563,-0.22253418,1.220148559,-0.753047148,-1.32486139
1532053074,-0.667388916,0.404769897,-0.099075317,-0.905991424,0.223057052,-1.873984434
1532053074,-0.727783203,0.560089111,-0.234664917,-0.758197169,-0.656878004,1.468845993
1532053074,-1.137664795,0.164154053,-0.12109375,-0.0090148,1.144455928,1.97948343
1532053074,-0.760147095,0.297302246,-0.242202759,-1.87510882,1.601573414,-0.010411096
1532053074,-1.086135864,0.294540405,-0.146362305,0.538029913,0.090695016,0.240917275
1532053075,-1.029586792,0.550674438,-0.195846558,0.116037657,0.11461766,-1.01458741
1532053075,-1.168029785,0.659317017,-0.302124023,-0.929182763,-0.45012296,-2.11901869
1532053075,-0.677810669,0.350921631,-0.073913574,0.363830149,-0.549882578,-0.983158381
1532053075,-0.67729187,0.501327515,-0.275253296,-0.492332199,-0.040552487,1.58614732
1532053075,-0.947540283,0.562316895,-0.430999756,-0.941528912,2.249558058,2.316646282
1532053076,-0.978088379,0.254608154,-0.223571777,-1.680151314,1.815111529,-0.213342373
1532053076,-1.042755127,0.271621704,-0.197616577,-0.473751324,0.479352218,-0.306379107
1532053076,-1.294906616,0.626251221,-0.159118652,0.27415539,-0.47347835,-1.727177412
1532053076,-1.163848877,0.671630859,-0.278762817,0.178057353,-0.57048639,-2.782528231
1532053076,-0.424224854,0.302963257,-0.063659668,0.135873946,-0.354211344,-0.841982081
1532053077,-0.956054688,0.696685791,-0.399398804,-1.133616596,-0.460154555,2.746700192
1532053077,-1.535324097,0.345825195,-0.169494629,2.004723805,0.333042143,3.103974704
1532053077,-0.721374512,0.351272583,-0.090179443,-2.221050783,2.231778528,-2.207324851
1532053077,-1.190368652,0.52305603,-0.194396973,0.997752237,-1.151403316,0.468516082
1532053077,-1.261535645,0.546936035,-0.194671631,0.690764332,-1.188190626,-1.916029089
1532053078,-0.850250244,0.456893921,-0.213943481,-0.00699133,-0.354884325,-2.771271848
1532053078,-0.437591553,0.35559082,-0.092971802,-0.296870823,-0.241070141,0.011527493
1532053078,-1.178665161,0.571868896,-0.399795532,-0.360212777,0.309971977,3.90717823
1532053078,-0.99206543,0.411727905,-0.046112061,-0.998523755,2.107279209,0.232305411
1532053078,-1.200378418,0.276596069,-0.213577271,0.970671617,-1.071755625,1.697473046
1532053079,-1.080032349,0.546157837,-0.280227661,0.119090439,-0.079350216,-1.497206794
1532053079,-1.204559326,0.735733032,-0.32081604,0.170924342,-0.879218399,-2.821052987
1532053079,-0.545471191,0.349136353,-0.008346558,0.402402575,-0.167743729,-1.066177634
1532053079,-0.753860474,0.537750244,-0.294754028,-0.890433503,-0.392028764,1.766198049
1532053079,-1.355743408,0.44128418,-0.502548218,-1.683693052,1.08251879,2.500255526
1532053080,-0.761077881,0.363082886,-0.276947021,-0.74019633,0.864475406,-0.010318684
1532053080,-0.983093262,0.27885437,-0.274047852,-0.576838295,0.786784605,-0.015550997
1532053080,-1.106399536,0.587661743,-0.056304932,0.112622952,-1.440981871,-0.383509844
1532053080,-1.090911865,0.668334961,-0.105316162,-2.594024629,-0.44660093,2.087965965
1532053080,-0.59362793,0.679000854,-0.246414185,-0.359508371,-1.729613672,-2.333045229
1532053081,-0.753036499,0.598815918,-0.303970337,-0.882379305,-2.681387765,0.824255548
1532053081,-1.274215698,0.798278809,-0.253540039,-1.241456511,0.505518841,3.190039016
1532053081,-0.834365845,0.122039795,-0.040908813,-1.824724209,1.972421792,0.318438166
1532053081,-0.895431519,0.221832275,-0.212890625,-0.265409835,0.558384986,0.466921914
1532053081,-1.191268921,0.736663818,-0.43421936,-0.237533729,0.050576092,-0.601232851
1532053082,-1.113876343,0.689666748,-0.251480103,2.36244919,-0.942364345,-1.472070282
1532053082,-0.748474121,0.387329102,-0.057159424,-0.337906406,0.906964809,-2.095514163
1532053082,-0.766448975,-0.104309082,-0.072021484,-0.413457091,-0.156972574,-1.514681392
1532053082,-0.783538818,0.208480835,-0.378616333,-0.948764188,0.694042417,0.441528407
1532053082,-1.215072632,0.158813477,-0.493591309,-1.003269242,-1.751945609,1.288987544
1532053083,-0.844314575,0.063644409,-0.603164673,-2.088958259,-0.43365051,0.68705588
1532053083,-1.332824707,0.095184326,-0.262588501,0.008838765,-0.946820347,1.442452469
1532053083,-1.162078857,0.201141357,-0.160629272,-0.078815187,-0.053781739,-1.446044807
1532053083,-0.91784668,0.317306519,-0.124679565,0.558280324,-0.021045098,-1.903161228
1532053083,-0.626373291,0.324813843,-0.181518555,-0.425449838,-0.409259683,-0.855239829
1532053084,-1.101425171,0.492431641,-0.209762573,-0.756320173,0.011702729,2.225790677
1532053084,-1.245941162,0.284729004,-0.030090332,-0.255854147,0.502950222,1.446133224
1532053084,-0.854171753,0.250045776,-0.099853516,-0.676403502,0.203630357,0.539506902
1532053084,-1.24017334,0.274642944,-0.063735962,1.329162395,-0.641230335,-0.337669918
1532053084,-1.133712769,0.365829468,-0.1277771,1.027029965,-1.18201582,-1.687497644
1532053085,-0.941421509,0.374664307,-0.104827881,-0.785070595,0.231543747,-2.317872135
1532053085,-0.642990112,0.379486084,-0.052429199,-0.098293281,-0.521973715,-0.060219931
1532053085,-1.044677734,0.426559448,-0.227005005,-0.376307858,0.31920489,3.542143533
1532053085,-1.096343994,0.199569702,-0.003112793,-1.117756673,1.653134343,0.516717434
1532053085,-1.02784729,0.162597656,-0.020523071,-0.189379249,0.532179747,1.153346891
1532053086,-1.275588989,0.50428772,-0.231948853,0.346626129,-0.560550136,-1.036326261
1532053086,-1.210128784,0.601638794,-0.114013672,0.105965049,-1.013267547,-2.629080085
1532053086,-0.627487183,0.391601563,-0.041168213,-0.393337441,0.002816559,-1.793955378
1532053086,-0.832565308,0.519195557,-0.059921265,-0.560608193,-0.194824881,1.823938843
1532053086,-1.378051758,0.586410522,-0.224838257,-1.677296139,0.701227626,2.576853099
1532053087,-0.829650879,0.314743042,-0.073196411,-1.701387893,1.442224236,0.498582372
1532053087,-1.263885498,0.34211731,-0.055541992,-0.767963513,1.667668279,-1.058608398
1532053087,-1.218536377,0.529281616,0.150650024,0.442274891,0.295429253,-2.117844502
1532053087,-0.84727478,0.366775513,0.14831543,-0.863475655,-0.579329949,-1.832444181
1532053087,-0.632095337,0.431274414,-0.137557983,-1.404928529,-0.438310243,0.400278704
1532053088,-1.510284424,0.352645874,-0.112625122,-0.402590062,-2.217490935,3.7161891
1532053088,-0.775665283,0.222763062,0.040649414,-3.357609373,2.643150364,-1.294502152
1532053088,-1.105133057,0.22958374,0.327148438,-0.226050711,1.046138945,1.128554992
1532053088,-0.875335693,0.754760742,-1.606704712,1.270253804,1.802696405,3.56450077
1532053088,0.305786133,0.326660156,-0.716079712,2.247011543,1.543186803,-2.076870437
1532053089,-0.340484619,0.458297729,-0.375930786,1.152976179,-5.308455032,-2.822441293
1532053089,-1.22593689,0.82144165,0.120941162,2.794691421,-2.847108556,2.640640601
1532053089,-1.544235229,0.390640259,-0.140716553,-0.144641072,0.415664052,2.964905497
1532053089,-0.974090576,0.207107544,0.015609741,0.115284249,0.276164212,0.883509018
1532053089,-1.03553772,0.457641602,-0.118423462,0.342118462,-0.421414616,-0.840890451
1532053090,-1.261871338,0.65322876,-0.227432251,0.723307095,-1.314008209,-1.607090419
1532053090,-0.848861694,0.53024292,-0.103134155,0.525462722,1.018346196,-2.874407022
1532053090,-0.271530151,0.396850586,-0.00453186,0.381431247,0.642468172,-0.749119251
1532053090,-1.528610229,0.733383179,-0.03944397,0.694281835,0.046276951,5.452322723
1532053091,-1.066009521,0.280059814,-0.31086731,1.39374991,-2.12693174,0.91998021
1532053091,-1.092132568,0.695297241,-0.407470703,0.142954493,-0.407155519,-1.295192976
1532053091,-0.847106934,0.538024902,-0.190567017,-0.103632386,1.00470655,-0.785925736
1532053091,-0.662185669,0.644577026,-0.827011108,-0.658492679,3.971872006,-1.467269402
1532053091,-0.591110229,0.359298706,-0.854049683,1.973889993,1.234507258,0.334601956
1532053092,-0.298919678,0.452026367,-0.058654785,2.845132224,-6.334116665,1.725357674
1532053092,-1.197174072,0.796127319,-0.316818237,-1.105831836,2.872078354,3.198355003
1532053092,-1.264343262,0.428833008,0.05871582,0.452760022,1.464804646,0.214871294
1532053092,-1.316833496,0.461181641,-0.028839111,0.437713428,-1.258470914,-1.840086121
1532053092,-0.967834473,0.749557495,-0.060745239,-0.071589765,-0.951432409,-3.396404972
1532053093,-0.422592163,0.404876709,-0.101699829,-0.675442101,-0.127207487,-0.913289284
1532053093,-0.98550415,0.815505981,-0.360839844,-2.124028895,0.797481991,3.541096645
1532053093,-1.225631714,0.541610718,-0.04258728,1.294090427,1.341775126,2.389800387
1532053093,-0.922668457,0.362731934,-0.364868164,-0.851432841,0.111571536,0.579267364
1532053093,-1.292861938,0.66519165,-0.113006592,-0.851432841,0.111571536,0.579267364
1532053094,-1.252349854,0.885238647,0.077270508,0.146791042,0.476491184,-1.955292872
1532053094,-0.60836792,0.392166138,0.032699585,-2.001593792,-0.157947024,-3.167244488
1532053094,-0.631164551,0.580657959,-0.287033081,0.475374521,-0.847516396,-1.947660253
1532053094,-1.614822388,0.761856079,-0.218002319,-0.740605392,-0.246542937,2.496793417
1532053094,-0.67010498,0.446289063,-0.073501587,3.229684696,0.151722152,3.683531821
1532053095,-1.363861084,0.527145386,0.050704956,-1.844800183,2.467029129,-1.448413688
1532053095,-0.994171143,0.646759033,-0.266693115,1.659054551,-1.968202812,0.719274004
1532053095,-0.810806274,0.477645874,-0.128387451,0.707338515,-1.249151715,-2.764044562
1532053095,-0.577850342,0.514816284,-0.11920166,-0.454312379,0.023062442,-2.064272087
1532053095,-1.27243042,0.782333374,-0.178161621,-0.432741573,0.146359344,0.08293563
1532053096,-0.844192505,0.333526611,0.040054321,0.981742378,-0.163334599,3.787200426
1532053096,-1.140686035,0.409500122,-0.296417236,-0.942745444,1.181192904,0.495528525
1532053096,-1.176376343,0.631652832,-0.148376465,0.430627023,-0.153479039,0.194842458
1532053096,-0.86328125,0.623199463,-0.106079102,0.746460618,-1.538326534,-2.365270543
1532053096,-0.724273682,0.737976074,-0.188476563,-0.624668402,-0.060836453,-0.609147499
1532053097,-1.275772095,0.739715576,0.060897827,4.448313122,-2.098856164,5.009444893
1532053097,-0.891265869,0.546310425,-0.216430664,0.499694242,2.322642389,1.286267658
1532053097,-1.37449646,0.860214233,-0.132614136,0.43034313,-0.014656707,0.156151255
1532053097,-0.948822021,0.792160034,-0.304946899,0.099405151,-1.062684632,-2.023408277
1532053097,-0.409942627,0.502151489,-0.149856567,0.656950708,-3.300331968,-3.102127536
1532053098,-0.919265747,0.879043579,0.004653931,-1.459959557,0.444651762,-0.175702586
1532053098,-1.24017334,0.587738037,0.027709961,-1.802376027,1.385078391,4.81203062
1532053098,-0.979919434,0.451812744,-0.397186279,-1.63648932,1.337159069,1.293780435
1532053098,-1.573638916,0.788818359,-0.088241577,1.194765704,-0.419007119,0.886721323
1532053098,-1.177154541,0.994415283,-0.194091797,0.66794983,-0.442015499,-3.2664001
1532053099,-0.485046387,0.465194702,-0.114273071,0.362773407,-0.278832966,-2.916492425
1532053099,-0.976593018,0.795318604,-0.225769043,-0.42217415,-0.243811865,-0.091597561
1532053099,-1.248748779,0.445892334,-0.042297363,-0.683288306,0.572276567,3.158570572
1532053099,-0.978164673,0.560150146,-0.259277344,0.883420335,2.17767428,2.129222059
1532053099,-1.323272705,0.805892944,-0.231292725,0.79564654,-0.158576862,0.060489709
1532053100,-1.055206299,0.756515503,-0.273452759,0.296145644,-2.595592698,-2.136422714
1532053100,-0.552474976,0.59487915,-0.263244629,-0.141446877,-0.445603576,-3.214694029
1532053100,-0.897506714,0.704116821,-0.144165039,-0.401753297,-0.020262661,-0.636032909
1532053100,-1.496307373,0.73097229,-0.217330933,-0.8345982,1.245269092,3.448434351
1532053100,-1.030380249,0.56489563,-0.419403076,0.23386629,1.349238368,0.93688356
1532053101,-1.548233032,0.650482178,-0.115219116,1.460420284,0.171364829,0.750813555
1532053101,-1.043380737,0.810516357,-0.446548462,-1.981550043,1.105417981,-3.368660692
1532053101,-0.693466187,0.558761597,-0.181060791,0.972598414,-0.922390371,-2.708737896
1532053101,-0.544906616,0.672409058,-0.036804199,-0.341213786,0.306277374,-1.529839306
1532053101,-1.44619751,0.962295532,-0.047821045,0.404068649,0.24972861,4.747483052
1532053102,-0.806167603,0.532333374,-0.189758301,-1.210505519,-0.05175534,2.72542047
1532053102,-1.380493164,0.733673096,-0.337509155,-0.13525849,0.316653316,-0.144431748
1532053102,-1.007492065,0.922943115,-0.336761475,1.814323234,-1.450684832,-2.563198806
1532053102,-0.439666748,0.499099731,-0.171035767,0.719426603,-0.21545639,-3.849178576
1532053102,-0.85383606,0.887741089,-0.220428467,0.133935698,-0.355261695,0.017898307
1532053103,-1.217056274,0.486679077,-0.017593384,1.8557013,0.095957955,3.444217768
1532053103,-0.8203125,0.495361328,-0.072616577,-0.061799718,1.892878496,0.60465235
1532053103,-1.30947876,0.73840332,-0.133621216,0.359023676,-0.132795066,0.234215697
1532053103,-0.874923706,0.681152344,-0.272079468,-0.351883741,-0.758020068,-2.697540369
1532053103,-0.533294678,0.406921387,-0.092834473,0.90667053,-0.110887104,-2.383135294
1532053104,-1.007492065,0.773101807,-0.129699707,-0.022855248,-0.257169749,0.131618481
1532053104,-1.147613525,0.68510437,0.114822388,0.371599922,0.473447724,2.433318037
1532053104,-1.682998657,-0.064422607,1.005981445,-0.121126159,0.881570503,0.6223653
1532053104,-1.568283081,0.410293579,0.015472412,-1.402984421,0.508844331,-0.734628193
1532053104,-1.111633301,0.444381714,-0.084869385,-0.447890166,-0.311411682,-2.988153562
1532053105,-0.568359375,0.285293579,0.019760132,0.777466204,0.11465814,-1.89837819
1532053105,-0.942337036,0.701766968,-0.158309937,-0.347336127,0.277724292,0.383680553
1532053105,-1.524703979,0.493225098,0.232467651,0.523858167,0.055420915,4.433984517
1532053105,-0.840591431,0.263717651,-0.127426147,-2.119485276,2.457124833,0.695126856
1532053105,-1.372573853,0.403793335,0.024688721,1.458817593,-1.041077873,0.740299927
1532053106,-1.085250854,0.634796143,-0.332458496,-1.180373715,-0.194645384,-2.076959387
1532053106,-0.947509766,0.505096436,-0.162704468,2.129737381,-2.66920327,-1.964148149
1532053106,-0.553451538,0.485946655,-0.208969116,-0.582655704,0.225765753,-1.902970812
1532053106,-1.074676514,0.689880371,0.391098022,1.286854352,0.502857811,1.222543806
1532053106,-1.077438354,0.559906006,-0.003829956,2.246148147,1.383404861,2.545401433
1532053107,-0.938980103,0.461196899,0.21987915,3.187403818,-1.537261003,1.724733962
1532053107,-0.690490723,0.914230347,-0.867904663,-1.024130848,-0.354448898,1.415009659
1532053107,-1.084121704,0.714508057,-1.64074707,0.656390645,-2.918551581,3.204358833
1532053107,0.158981323,0.514892578,-0.435531616,4.42980655,2.044032862,-5.903580456
1532053107,-0.594711304,-0.002487183,-0.398757935,-0.341801812,-2.880737889,-3.633555472
1532053108,-1.384094238,0.222640991,-0.216781616,2.144613532,-2.708054529,2.894033721
1532053108,-1.277694702,0.306152344,0.10949707,1.857573502,-2.808988601,4.806900839
1532053108,-1.177352905,0.54864502,-0.087677002,0.663261335,0.082701538,0.301503658
1532053108,-1.209976196,0.545303345,-0.27935791,0.840447301,-1.445309508,-1.092809778
1532053108,-0.706512451,0.527023315,-0.228042603,0.079352347,-0.222111097,-3.048393733
1532053109,-0.682739258,0.647888184,-0.212417603,-0.207321498,-0.070990287,-1.171335745
1532053109,-1.286682129,0.674591064,0.250946045,0.346307614,0.518118789,3.035553835
1532053109,-0.849716187,0.491073608,-0.173278809,-2.52897186,3.413073964,2.4711035
1532053109,-1.387130737,0.550506592,-0.045349121,1.124774901,-1.053079409,0.985353092
1532053110,-1.082260132,0.812438965,-0.278274536,-0.781840446,0.591996742,-1.937876864
1532053110,-0.648406982,0.492523193,-0.079193115,0.798203175,-0.720589606,-2.588903104
1532053110,-0.602508545,0.689498901,-0.27545166,-0.613563553,0.023075492,-0.948866453
1532053110,-1.262649536,0.761367798,-0.12437439,-0.00629518,0.062058844,3.4691367
1532053110,-0.922393799,0.643585205,-0.062225342,0.877215436,1.664691397,1.91885497
1532053111,-1.223114014,0.553222656,0.005722046,-0.255560667,0.378701773,1.180422451
1532053111,-1.249023438,0.724624634,-0.168060303,0.831857275,-1.831711012,-0.888482471
1532053111,-0.645477295,0.624725342,-0.276733398,-1.285940089,-1.169406019,-3.75777942
1532053111,-0.381484985,0.487808228,-0.128982544,-0.905597809,0.109684953,-1.984351422
1532053111,-1.590698242,0.987731934,0.075088501,-0.250654325,0.025575401,3.269351948
1532053112,-1.049560547,0.468963623,0.295791626,1.948816864,1.443342497,2.369869556
1532053112,-1.229980469,0.668304443,-0.160980225,-1.583923847,1.787050866,-0.079249016
1532053112,-1.111526489,0.744522095,-0.279846191,-0.541946624,-0.146082908,-1.833874565
1532053112,-0.815933228,0.637237549,-0.115982056,0.5879514,-0.591811652,-2.910485398
1532053112,-0.350479126,0.583709717,-0.27230835,-1.353001948,0.465427348,-1.095312084
1532053113,-1.444885254,0.722640991,-0.23109436,0.34314298,-0.810908051,3.754339681
1532053113,-0.840835571,0.410324097,0.065246582,0.924105979,0.681001716,2.213104443
1532053113,-1.337722778,0.571868896,-0.113571167,0.133438752,-0.674374706,1.097874311
1532053113,-1.191558838,0.727584839,-0.256698608,0.834685818,-0.555205438,-1.750791662
1532053113,-0.578582764,0.55078125,-0.096893311,0.091183706,-0.193878127,-3.490124274
1532053114,-0.779251099,0.725418091,-0.16178894,-0.417916021,-0.409096697,-0.696679745
1532053114,-1.328094482,0.710083008,-0.24395752,-0.699921345,0.650582025,3.35524635
1532053114,-0.958984375,0.556930542,-0.092102051,1.201262219,1.420561284,1.82988435
1532053114,-1.320083618,0.58190918,-0.031234741,0.992270653,-0.275463268,1.296200184
1532053114,-1.421920776,0.862030029,-0.316543579,-0.406835141,-0.475922067,-1.983126634
1532053115,-0.49432373,0.588821411,-0.138687134,-0.079611206,-1.390152246,-4.023077403
1532053115,-0.546707153,0.716690063,-0.361068726,-0.980076571,-0.977077319,-0.859649225
1532053115,-1.58934021,0.845550537,-0.05329895,0.642883891,1.019523579,4.479143473
1532053115,-0.891860962,0.460723877,0.256271362,2.355270906,1.952636369,1.997823821
1532053115,-1.468002319,0.65296936,0.033538818,-0.147705572,0.351916232,0.670660662
1532053116,-1.189468384,0.838546753,-0.397644043,-1.315667359,-0.440002415,-2.319887349
1532053116,-0.686477661,0.57635498,-0.215087891,-0.216972261,-0.733670787,-3.21704054
1532053116,-0.659805298,0.681915283,-0.090942383,-0.476681867,0.197177251,-1.300634081
1532053116,-1.315734863,0.884033203,-0.174377441,-1.189545908,0.968907539,3.208950655
1532053116,-1.082870483,0.567138672,0.08253479,1.850880979,0.573155143,3.186441884
1532053117,-1.405288696,0.582122803,-0.038864136,-0.807750607,0.825868891,0.467665468
1532053117,-1.016845703,0.769546509,-0.385910034,-0.486243414,-1.241838408,-2.281074439
1532053117,-0.71913147,0.541900635,-0.188369751,0.243886434,-0.67106919,-2.669497283
1532053117,-0.639541626,0.729064941,-0.123443604,-0.657227677,0.085649924,-1.473656727
1532053117,-1.217315674,0.765151978,-0.178497314,-0.416420923,0.821654438,2.84374525
1532053118,-1.013763428,0.434173584,0.409225464,1.177012806,0.893916119,2.583736305
1532053118,-1.361099243,0.621810913,-0.242553711,-1.7528897,1.252892391,0.100063751
1532053118,-0.993026733,0.700271606,-0.343353271,0.257013954,-1.20354801,-2.167873847
1532053118,-0.690170288,0.605789185,-0.164459229,1.024084242,-0.710311934,-2.912620455
1532053118,-0.682601929,0.664276123,-0.027099609,-0.424741703,0.284773946,-1.102971601
1532053119,-0.946975708,0.543563843,-0.2162323,-0.616699159,0.266602665,2.428249509
1532053119,-1.087203979,0.498123169,-0.06867981,0.643039686,0.005577991,2.615307547
1532053119,-1.276367188,0.412124634,0.012283325,0.130532178,-0.065345984,1.198372423
1532053119,-0.97505188,0.651535034,-0.244949341,-0.484353635,-1.055135635,-3.315992421
1532053119,-0.690383911,0.521911621,-0.021987915,0.873269164,-1.240652502,-3.028116158
1532053120,-0.65246582,0.522979736,-0.085281372,-0.847572589,1.219621519,-0.873214036
1532053120,-0.985351563,0.428161621,-0.346664429,-1.95990307,-1.158314219,2.555554202
1532053120,-1.16116333,0.327484131,-0.328491211,-1.173214073,0.152779959,1.562722421
1532053120,-1.177368164,0.376541138,-0.216094971,0.317090607,-0.361932913,0.499861488
1532053120,-1.016052246,0.534317017,-0.190093994,1.791865063,-1.452532533,-2.417380883
1532053121,-0.675842285,0.468170166,-0.101348877,0.823978845,-1.067191499,-2.888078893
1532053121,-0.78793335,0.529296875,-0.134750366,-0.655253209,0.171094518,0.228832649
1532053121,-1.126419067,0.286483765,-0.052139282,-0.351162024,0.235411456,3.260340077
1532053121,-1.107910156,0.289596558,0.030349731,0.046811714,0.639165852,1.322082914
1532053121,-1.08380127,0.362106323,-0.118438721,0.0567746,-0.551560635,-0.069834475
1532053122,-0.960784912,0.482040405,-0.072906494,0.808722128,-1.50873189,-2.382426094
1532053122,-0.573471069,0.43762207,-0.106201172,0.000643153,-0.535962501,-2.327009174
1532053122,-0.938247681,0.585327148,-0.119659424,-0.103931726,0.150686182,0.51367637
1532053122,-1.045501709,0.294815063,-0.050918579,-0.288796917,0.673628488,2.837668449
1532053122,-1.069274902,0.263092041,-0.062561035,-0.854963926,0.772638959,1.287283388
1532053123,-1.182479858,0.407348633,-0.126190186,0.312394655,-0.59967863,0.003533216
1532053123,-0.854187012,0.533905029,-0.174468994,0.756333222,-1.869547607,-2.384590978
1532053123,-0.6355896,0.490615845,-0.119232178,1.271703363,-1.261376423,-1.866252212
1532053123,-0.742385864,0.527603149,0.105255127,0.039092542,0.250723035,0.752739553
1532053123,-1.103485107,0.132659912,0.257888794,-0.97639475,1.19374092,2.711190401
1532053124,-1.048278809,0.541748047,-0.316345215,-2.041503392,0.961478119,0.032971799
1532053124,-1.103744507,0.426605225,-0.124984741,0.421705433,-0.008755675,-0.282309989
1532053124,-0.836700439,0.340789795,-0.048324585,0.764813792,-1.175195465,-1.495760698
1532053124,-0.68208313,0.521453857,-0.138885498,0.020505009,-1.003626105,-2.076720235
1532053124,-0.810073853,0.478591919,-0.168243408,0.102161256,0.064049024,0.349869859
1532053125,-0.998001099,0.330429077,-0.036071777,0.350805694,0.184740023,2.978996283
1532053125,-1.132766724,0.381729126,-0.097976685,-0.849827487,0.369652086,1.094697959
1532053125,-1.173675537,0.439727783,-0.172332764,0.865435209,-0.865168626,-0.07065393
1532053125,-0.861984253,0.555679321,-0.123413086,0.66101629,-1.873419311,-2.423883523
1532053125,-0.661209106,0.504745483,0.01890564,0.769878592,-1.200525589,-2.084199456
1532053126,-0.738632202,0.545440674,-0.210540771,-1.32817596,1.028157547,-0.328517166
1532053126,-1.222427368,0.310379028,-0.088790894,0.794894197,-0.289789211,4.465585853
1532053126,-0.987228394,0.312576294,-0.02293396,0.202304369,0.708196586,0.733271579
1532053126,-1.194992065,0.440826416,-0.041442871,-0.086300268,-0.301849868,0.040267528
1532053126,-0.936233521,0.649475098,-0.192337036,0.096808302,-2.039042098,-2.884865789
1532053127,-0.460891724,0.382339478,-0.022994995,1.035614398,-0.782153901,-2.232406768
1532053127,-0.729904175,0.811325073,-0.341278076,-1.397081791,0.558257953,0.360296933
1532053127,-1.209945679,0.31880188,-0.079727173,-1.831348556,1.629918237,3.169316693
1532053127,-0.896713257,0.196289063,-0.19871521,-1.354960703,1.722997581,0.81681148
1532053127,-1.468811035,0.763916016,0.117645264,1.100735878,0.028843366,-0.110527577
1532053128,-1.24029541,0.949447632,-0.147506714,-0.306832377,-0.530402353,-3.312242956
1532053128,-0.303024292,0.392791748,0.176971436,0.041207624,-0.510805482,-3.410467528
1532053128,-0.870483398,0.792770386,-0.316268921,-2.307779553,-0.50112649,0.572472842
1532053128,-1.504180908,1.020446777,-0.762268066,-5.091320052,-0.280139247,4.461514678
1532053128,-0.953964233,0.348587036,-0.117904663,-0.986332336,0.436245228,1.722499037
1532053129,-1.185409546,0.334213257,-0.071990967,-1.315482003,2.090821407,0.395414174
1532053129,-1.07409668,0.6824646,0.176986694,2.464614441,-0.347587796,-0.4138302
1532053129,-1.014022827,0.586608887,0.060913086,1.271914818,-2.172154346,-1.530663022
1532053129,-0.397369385,0.215866089,0.120376587,-1.171341338,-0.468680932,-2.497640302
1532053129,-0.950012207,0.70350647,-0.020217896,-1.767464115,0.578895321,0.088085651
1532053130,-1.416900635,0.463134766,0.201980591,2.120103928,0.271098347,3.54995778
1532053130,-0.685974121,0.347122192,-0.157562256,-2.468146059,2.729433587,0.16148024
1532053130,-1.47277832,0.420349121,-0.153900146,-0.468700639,-0.009143964,1.165683186
1532053130,-1.285049438,0.760574341,-0.240325928,0.954586657,-0.200610332,-1.343199651
1532053130,-0.747802734,0.467498779,-0.199829102,1.086624053,-0.812304613,-3.084789558
1532053131,-0.666793823,0.557617188,-0.151763916,-0.205708954,-0.528438538,-1.362705175
1532053131,-1.271911621,0.756271362,-0.029769897,-0.198573813,0.935270483,2.266470729
1532053131,-0.910812378,0.353225708,0.072799683,-0.382752441,1.859204156,2.358794801
1532053131,-1.404251099,0.476287842,-0.21836853,-0.22213906,0.429514621,0.937619658
1532053131,-1.156555176,0.683410645,-0.30670166,0.312622355,0.044224719,-1.037956382
1532053132,-0.783187866,0.524917603,-0.100189209,1.128301992,-0.660184851,-2.582933895
1532053132,-0.534469604,0.630691528,-0.056274414,0.000981375,-0.498994097,-1.807779581
1532053132,-1.131103516,0.740356445,0.095336914,-0.665816371,-0.267372585,2.353126262
1532053132,-1.048965454,0.432601929,-0.13343811,-1.414634153,1.714303425,2.179060456
1532053132,-1.446273804,0.436645508,-0.123046875,-0.473187,0.503962756,1.434589219
1532053133,-1.247161865,0.668334961,-0.155334473,0.422372555,-0.03152943,-1.404982325
1532053133,-0.806991577,0.604690552,-0.12512207,0.907378931,-0.89052192,-3.097209742
1532053133,-0.641433716,0.593048096,-0.026550293,-0.025658226,-0.667535442,-1.717904818
1532053133,-1.058578491,0.700836182,-0.162124634,-0.799768581,0.454408253,2.428938469
1532053133,-1.211471558,0.480300903,-0.062820435,0.626029011,0.749831913,3.164539781
1532053134,-1.421157837,0.530136108,-0.069442749,0.855133569,0.26887301,1.265016165
1532053134,-1.230148315,0.724014282,-0.20741272,0.323999113,-0.54145314,-2.079280332
1532053134,-0.79888916,0.599655151,-0.174926758,0.352197462,-1.172329104,-3.322691869
1532053134,-0.606903076,0.644866943,-0.060440063,-0.290511194,-0.185391432,-1.565778665
1532053134,-1.213150024,0.759857178,-0.179336548,0.48043506,0.384987899,3.006018846
1532053135,-1.122085571,0.495605469,-0.020141602,0.780749616,1.052945718,2.685765202
1532053135,-1.419403076,0.455322266,-0.070541382,0.042239865,0.60557407,0.924166433
1532053135,-1.208908081,0.752883911,-0.251480103,-0.247097673,-0.265819962,-1.650727645
1532053135,-0.797348022,0.623214722,-0.169967651,0.298988835,-1.131043982,-2.970513316
1532053135,-0.422515869,0.537017822,-0.16835022,-0.244134108,-0.305466175,-1.736821784
1532053136,-1.289611816,0.995544434,-0.136062622,-0.217548836,0.768583497,3.012947858
1532053136,-1.071212769,0.539550781,-0.070526123,1.072351108,0.923707304,2.946627424
1532053136,-1.222503662,0.50289917,0.094482422,0.811578368,0.704819165,1.188297152
1532053136,-1.409179688,1.154708862,0.110092163,-2.191099275,1.688353317,-2.706035054
1532053136,-0.589935303,0.542098999,0.014938354,0.433099235,-1.621523687,-3.448163508
1532053137,-0.43699646,0.427642822,-0.050460815,-0.811113114,-0.269486869,-0.736139004
1532053137,-1.362792969,0.807647705,-0.415557861,-1.645824233,0.215037475,2.578160445
1532053137,-1.066604614,0.443374634,0.15536499,1.220934458,0.661260502,3.776247377
1532053137,-1.139694214,0.219497681,-0.17326355,-2.803959221,2.201038991,0.901738888
1532053137,-1.250350952,0.651535034,0.114883423,-1.423833244,1.926118742,-1.022635216
1532053138,-1.132843018,0.852752686,0.049026489,0.722004543,-1.682802224,-2.66921845
1532053138,-0.408630371,0.386489868,-0.136993408,-0.715736261,-0.711980138,-3.132649226
1532053138,-1.066162109,0.333068848,0.122756958,0.178706099,-0.391723566,0.07330271
1532053138,-1.182220459,0.603851318,-0.237350464,-3.536954364,1.793010488,3.280842156
1532053138,-0.838897705,0.439117432,-0.06602478,1.32791284,0.709116708,2.303178143
1532053139,-1.091003418,0.572555542,-0.069000244,-0.929606472,1.621823026,0.108006362
1532053139,-1.282516479,0.599441528,0.044250488,0.363751586,-1.107959702,-1.353037101
1532053139,-0.642715454,0.514633179,0.022613525,-1.370208365,-1.11558593,-3.749349184
1532053139,-0.464385986,0.310684204,-0.060928345,-0.148701328,-0.310353342,-1.014287005
1532053139,-1.452636719,1.009628296,-0.341278076,-0.987009045,0.296940331,2.225184808
1532053140,-1.040298462,0.448959351,0.162887573,0.809785262,1.062795686,2.983693034
1532053140,-1.086181641,0.307189941,-0.231079102,-2.43166528,2.184431519,0.134211335
1532053140,-1.061553955,0.625305176,-0.096252441,-0.248016198,0.837863236,-0.637435064
1532053140,-1.36265564,0.817108154,0.027786255,0.690296947,-0.745938106,-1.059492034
1532053140,-0.676055908,0.485900879,-0.034164429,-0.984803415,-0.016603478,-3.325905505
1532053141,-0.368362427,0.47744751,0.035385132,0.411009646,-0.334791041,-1.3562542
1532053141,-1.519577026,0.925613403,-0.175674438,-0.418143988,0.125829035,3.362854469
1532053141,-1.016616821,0.27961731,0.103210449,1.954688867,0.372046534,3.3529294
1532053141,-1.484664917,0.251785278,-0.038467407,-2.039463144,0.777143696,-0.437966961
1532053141,-1.195297241,0.430847168,-0.518661499,-0.284378999,1.755074557,-4.501911903
1532053142,-0.569122314,-0.140777588,-0.608520508,1.463663748,3.856031156,-2.366750728
1532053142,0.145767212,-0.622436523,-0.300186157,2.094963954,3.71745783,-0.601337779
